delta,FOB,perdas_MW,geracao_MW,considerar_fluxo,considerar_perdas,considerar_rampa,considerar_emissao,fluxo_L0_0,fluxo_L0_1,fluxo_L0_2,fluxo_L1_0,fluxo_L1_1,fluxo_L1_2,fluxo_L2_0,fluxo_L2_1,fluxo_L2_2,fluxo_L3_0,fluxo_L3_1,fluxo_L3_2,ger_GT1_0,ger_GT1_1,ger_GT1_2,ger_GT2_0,ger_GT2_1,ger_GT2_2,ger_GF2_0,ger_GF2_1,ger_GF2_2,ger_GT3_0,ger_GT3_1,ger_GT3_2,ger_GF3_0,ger_GF3_1,ger_GF3_2,execucao
1,4745.249797359478,0,215.1830034258378,True,True,True,True,6.0,6.0,6.0,12.0,12.0,9.849214994605909,12.0,12.0,12.0,5.52449114040132,-0.846537498497227,3.1348690762197604,31.565223140495902,31.565223140495902,29.2264662791417,40.0,36.5681481435014,32.5681481435014,0.0,0.0,0.0,1.68979457870148,11.0,1.0,0.0,0.0,0.0,0
